-- MariaDB dump 10.17  Distrib 10.4.11-MariaDB, for Win64 (AMD64)
--
-- Host: localhost    Database: db_inventor_machines
-- ------------------------------------------------------
-- Server version	10.4.11-MariaDB

/*!40101 SET @OLD_CHARACTER_SET_CLIENT=@@CHARACTER_SET_CLIENT */;
/*!40101 SET @OLD_CHARACTER_SET_RESULTS=@@CHARACTER_SET_RESULTS */;
/*!40101 SET @OLD_COLLATION_CONNECTION=@@COLLATION_CONNECTION */;
/*!40101 SET NAMES utf8mb4 */;
/*!40103 SET @OLD_TIME_ZONE=@@TIME_ZONE */;
/*!40103 SET TIME_ZONE='+00:00' */;
/*!40014 SET @OLD_UNIQUE_CHECKS=@@UNIQUE_CHECKS, UNIQUE_CHECKS=0 */;
/*!40014 SET @OLD_FOREIGN_KEY_CHECKS=@@FOREIGN_KEY_CHECKS, FOREIGN_KEY_CHECKS=0 */;
/*!40101 SET @OLD_SQL_MODE=@@SQL_MODE, SQL_MODE='NO_AUTO_VALUE_ON_ZERO' */;
/*!40111 SET @OLD_SQL_NOTES=@@SQL_NOTES, SQL_NOTES=0 */;

--
-- Table structure for table `table_campus_v1a`
--

DROP TABLE IF EXISTS `table_campus_v1a`;
/*!40101 SET @saved_cs_client     = @@character_set_client */;
/*!40101 SET character_set_client = utf8 */;
CREATE TABLE `table_campus_v1a` (
  `id` int(4) NOT NULL AUTO_INCREMENT,
  `identifier_campus` varchar(4) NOT NULL,
  `campus` varchar(56) NOT NULL,
  PRIMARY KEY (`id`)
) ENGINE=InnoDB AUTO_INCREMENT=9 DEFAULT CHARSET=utf8mb4;
/*!40101 SET character_set_client = @saved_cs_client */;

--
-- Dumping data for table `table_campus_v1a`
--

LOCK TABLES `table_campus_v1a` WRITE;
/*!40000 ALTER TABLE `table_campus_v1a` DISABLE KEYS */;
INSERT INTO `table_campus_v1a` VALUES (1,'S85','VIVA 1A IPS SURA 85'),(2,'CTY','VIVA 1A IPS COUNTRY'),(3,'SOL','VIVA 1A IPS SOLEDAD'),(4,'C30','VIVA 1A IPS CALLE 30'),(5,'MAC','VIVA 1A IPS MACARENA'),(6,'C16','VIVA 1A IPS CARRERA 16'),(7,'MTZ','VIVA 1A CASA MATRIZ'),(8,'SSJ','VIVA 1A IPS SURA SAN JOSE');
/*!40000 ALTER TABLE `table_campus_v1a` ENABLE KEYS */;
UNLOCK TABLES;

--
-- Table structure for table `table_machines`
--

DROP TABLE IF EXISTS `table_machines`;
/*!40101 SET @saved_cs_client     = @@character_set_client */;
/*!40101 SET character_set_client = utf8 */;
CREATE TABLE `table_machines` (
  `id_machine` int(100) NOT NULL AUTO_INCREMENT,
  `lote` int(4) NOT NULL,
  `type_machine` varchar(20) NOT NULL,
  `manufacturer` varchar(255) NOT NULL,
  `model` varchar(255) NOT NULL,
  `serial` varchar(255) NOT NULL,
  `ram_slot_00` varchar(255) NOT NULL,
  `ram_slot_01` varchar(255) NOT NULL,
  `hard_drive` varchar(255) NOT NULL,
  `cpu` varchar(255) NOT NULL,
  `ip_range` varchar(15) NOT NULL,
  `mac_address` varchar(17) NOT NULL,
  `anydesk` varchar(255) DEFAULT NULL,
  `campus_id` int(4) NOT NULL,
  `campus` varchar(45) NOT NULL,
  `location` varchar(255) NOT NULL,
  `tec_id` int(4) NOT NULL,
  `registered_by` varchar(25) NOT NULL,
  `create_date` datetime NOT NULL,
  `updated_by` varchar(20) NOT NULL,
  `update_at` timestamp NOT NULL DEFAULT current_timestamp() ON UPDATE current_timestamp(),
  `imagen` varchar(50) DEFAULT NULL,
  `ruta_imagen` varchar(50) DEFAULT NULL,
  `comment` varchar(256) DEFAULT NULL,
  PRIMARY KEY (`id_machine`),
  KEY `fk_tec_id` (`tec_id`),
  CONSTRAINT `table_machines_ibfk_2` FOREIGN KEY (`tec_id`) REFERENCES `table_user_tec` (`id_tec`) ON DELETE NO ACTION ON UPDATE NO ACTION
) ENGINE=InnoDB AUTO_INCREMENT=363 DEFAULT CHARSET=utf8mb4;
/*!40101 SET character_set_client = @saved_cs_client */;

--
-- Dumping data for table `table_machines`
--

LOCK TABLES `table_machines` WRITE;
/*!40000 ALTER TABLE `table_machines` DISABLE KEYS */;
INSERT INTO `table_machines` VALUES (1,9999,'TV RASPBERRY PI','','','','','','','',' 192.168.71.26 ','B8:27:EB:71:97:71',NULL,0,'VIVA 1A IPS MACARENA','',1,'jortega','0000-00-00 00:00:00','','2020-09-16 19:40:43','raspberry.png',NULL,NULL),(2,9999,'TV RASPBERRY PI','','','','','','','',' 192.168.71.27 ','B8:27:EB:39:0C:5C',NULL,0,'VIVA 1A IPS MACARENA','',1,'jortega','0000-00-00 00:00:00','','2020-09-16 20:42:02','raspberry.png',NULL,NULL),(3,9999,'TV RASPBERRY PI','','','','','','','',' 192.168.71.28 ','B8:27:EB:5F:59:D3',NULL,0,'VIVA 1A IPS MACARENA','',1,'jortega','0000-00-00 00:00:00','','2020-09-16 20:42:02','raspberry.png',NULL,NULL),(4,9999,'TV RASPBERRY PI','','','','','','','',' 192.168.71.29 ','B8:27:EB:3E:16:A7',NULL,0,'VIVA 1A IPS MACARENA','',1,'jortega','0000-00-00 00:00:00','','2020-09-16 20:42:02','raspberry.png',NULL,NULL),(5,9999,'TV RASPBERRY PI','','','','','','','',' 192.168.71.80 ','B8:27:EB:7B:FA:B3',NULL,0,'VIVA 1A IPS MACARENA','',1,'jortega','0000-00-00 00:00:00','','2020-09-16 20:42:02','raspberry.png',NULL,NULL),(6,9999,'TV RASPBERRY PI','','','','','','','',' 192.168.71.81 ','B8:27:EB:7F:5C:23',NULL,0,'VIVA 1A IPS MACARENA','',1,'jortega','0000-00-00 00:00:00','','2020-09-16 20:42:02','raspberry.png',NULL,NULL),(7,9999,'TV RASPBERRY PI','','','','','','','',' 192.168.71.64 ','  ',NULL,0,'VIVA 1A IPS MACARENA','',1,'jortega','0000-00-00 00:00:00','','2020-09-16 20:42:02','raspberry.png',NULL,NULL),(8,9999,'ATRIL','','','','','','','',' 192.168.71.102','6C:4B:90:34:35:10',NULL,0,'VIVA 1A IPS MACARENA','',1,'jortega','0000-00-00 00:00:00','','2020-09-16 20:42:02','kiosk.png',NULL,NULL),(9,9999,'ATRIL','','','','','','','',' 192.168.71.25 ','6C:4B:90:50:01:76',NULL,0,'VIVA 1A IPS MACARENA','',1,'jortega','0000-00-00 00:00:00','','2020-09-16 20:42:02','kiosk.png',NULL,NULL),(10,9999,'ATRIL','','','','','','','',' 192.168.71.213','  ',NULL,0,'VIVA 1A IPS MACARENA','',1,'jortega','0000-00-00 00:00:00','','2020-09-16 20:42:02','kiosk.png',NULL,NULL),(11,9999,'TV RASPBERRY PI','','','','','','','',' 192.168.62.26 ','B8:27:EB:AC:53:10',NULL,0,'VIVA 1A IPS SURA SAN JOSE','',1,'jortega','0000-00-00 00:00:00','','2020-09-16 20:42:58','raspberry.png',NULL,NULL),(12,9999,'TV RASPBERRY PI','','','','','','','',' 192.168.62.28 ','B8:27:EB:5E:3B:D6',NULL,0,'VIVA 1A IPS SURA SAN JOSE','',1,'jortega','0000-00-00 00:00:00','','2020-09-16 20:42:58','raspberry.png',NULL,NULL),(13,9999,'TV RASPBERRY PI','','','','','','','',' 192.168.62.29 ','B8:27:EB:68:55:17',NULL,0,'VIVA 1A IPS SURA SAN JOSE','',1,'jortega','0000-00-00 00:00:00','','2020-09-16 20:42:58','raspberry.png',NULL,NULL),(14,9999,'TV RASPBERRY PI','','','','','','','',' 192.168.62.30 ','B8:27:EB:F8:D4:E7',NULL,0,'VIVA 1A IPS SURA SAN JOSE','',1,'jortega','0000-00-00 00:00:00','','2020-09-16 20:42:58','raspberry.png',NULL,NULL),(15,9999,'TV RASPBERRY PI','','','','','','','',' 192.168.62.31 ','B8:27:EB:2D:B6:9A',NULL,0,'VIVA 1A IPS SURA SAN JOSE','',1,'jortega','0000-00-00 00:00:00','','2020-09-16 20:42:58','raspberry.png',NULL,NULL),(16,9999,'TV RASPBERRY PI','','','','','','','',' 192.168.62.33 ','B8:27:EB:9D:57:3B',NULL,0,'VIVA 1A IPS SURA SAN JOSE','',1,'jortega','0000-00-00 00:00:00','','2020-09-16 20:42:58','raspberry.png',NULL,NULL),(17,9999,'ATRIL','','','','','','','',' 192.168.62.122','D0:27:88:91:5F:30',NULL,0,'VIVA 1A IPS SURA SAN JOSE','',1,'jortega','0000-00-00 00:00:00','','2020-09-16 20:42:58','kiosk.png',NULL,NULL),(18,9999,'ATRIL','','','','','','','',' 192.168.62.34 ','98:FA:9B:29:90:75',NULL,0,'VIVA 1A IPS SURA SAN JOSE','',1,'jortega','0000-00-00 00:00:00','','2020-09-16 20:42:58','kiosk.png',NULL,NULL),(19,9999,'ATRIL','','','','','','','',' 192.168.62.37 ','  ',NULL,0,'VIVA 1A IPS SURA SAN JOSE','',1,'jortega','0000-00-00 00:00:00','','2020-09-16 20:42:58','kiosk.png',NULL,NULL),(20,9999,'ATRIL','','','','','','','',' 192.168.62.25 ','6C:4B:90:67:9F:40',NULL,0,'VIVA 1A IPS SURA SAN JOSE','',1,'jortega','0000-00-00 00:00:00','','2020-09-16 20:42:58','kiosk.png',NULL,NULL),(21,9999,'ATRIL','','','','','','','',' 192.168.12.25 ','6C:4B:90:4F:F9:12',NULL,0,'VIVA 1A IPS CALLE 30','',3,'fviloria','0000-00-00 00:00:00','','2020-09-16 20:44:00','kiosk.png',NULL,NULL),(22,9999,'ATRIL','','','','','','','',' 192.168.12.35 ','  ',NULL,0,'VIVA 1A IPS CALLE 30 ','',3,'fviloria','0000-00-00 00:00:00','','2020-09-16 20:44:00','kiosk.png',NULL,NULL),(23,9999,'TV RASPBERRY PI',' RASPBERRY ',' PI 4','XXXX','1GB DDR2 SO-DIMM','','70GB','',' 192.168.12.29 ','B8:27:EB:8A:23:0F','',0,'VIVA 1A IPS CALLE 30','PISO 2',3,'fviloria','0000-00-00 00:00:00','','2020-09-16 20:44:00','raspberry.png',NULL,''),(24,9999,'TV RASPBERRY PI',' RASPBERRY ',' PI 4','XXXX','1GB DDR2 SO-DIMM','','70GB','',' 192.168.12.28 ','B8:27:EB:AE:15:56','',0,'VIVA 1A IPS CALLE 30',' TOMA DE MUESTRA ',3,'fviloria','0000-00-00 00:00:00','','2020-09-16 20:44:00','raspberry.png',NULL,''),(25,9999,'TV RASPBERRY PI','','','','','','','',' 192.168.12.100','B8:27:EB:63:99:84',NULL,0,'VIVA 1A IPS CALLE 30','',3,'fviloria','0000-00-00 00:00:00','','2020-09-16 20:44:00','raspberry.png',NULL,NULL),(26,9999,'TV RASPBERRY PI',' RASPBERRY ',' PI 4','XXXX','1GB DDR2 SO-DIMM','','70GB','',' 192.168.12.101','B8:27:EB:63:DA:CD','',0,'VIVA 1A IPS CALLE 30','PISO 1',3,'fviloria','0000-00-00 00:00:00','','2020-09-16 20:44:00','raspberry.png',NULL,''),(27,9999,'TV RASPBERRY PI','RASPBERRY PI FOUNDATION','PI 4','XXXX','1GB DDR2 SO-DIMM','','70GB','',' 192.168.16.26 ','B8:27:EB:0E:1E:B4','',0,'VIVA 1A IPS CARRERA 16','PISO ?',1,'jortega','0000-00-00 00:00:00','','2020-09-16 20:42:40','raspberry.png',NULL,''),(28,9999,'TV RASPBERRY PI','RASPBERRY PI FOUNDATION','PI 4','XXXXXXXXXXXXXX','1GB DDR2 SO-DIMM','','70GB','',' 192.168.16.28 ','B8:27:EB:29:73:D3','',0,'VIVA 1A IPS CARRERA 16','PISO ?',1,'jortega','0000-00-00 00:00:00','','2020-09-16 20:42:40','raspberry.png',NULL,''),(29,9999,'ATRIL','','','','','','','',' 192.168.16.25 ','FC:3F:DB:0A:D2:32',NULL,0,'VIVA 1A IPS CARRERA 16','',1,'jortega','0000-00-00 00:00:00','','2020-09-16 20:42:40','kiosk.png',NULL,NULL),(30,9999,'ATRIL','','','','','','','',' 192.168.16.30 ','6C:4B:90:67:9F:6F',NULL,0,'VIVA 1A IPS CARRERA 16','',1,'jortega','0000-00-00 00:00:00','','2020-09-16 20:42:40','kiosk.png',NULL,NULL),(35,0,'PC','LENOVO              ','THINKCENTRE ALL IN ONE','S1H03LKD','4GB DDR3 SO-DIMM','4GB DDR3 SO-DIMM','500GB','INTEL(R) CORE(TM) I5-4460T CPU @ 1.90GHZ, 1901 MHZ, 4 PROCESADORES PRINCIPALES, 4 PROCESADORES LÓGICOS','192.168.71.240','98-EE-CB-25-1F-C2','465 562 426',0,'VIVA 1A IPS MACARENA','OFICINA DE SISTEMAS ',1,'jortega','2020-08-10 10:40:05','','2020-09-16 20:42:02','pc.png',NULL,'EQUIPO DE TECNICO DE SISTEMAS'),(48,0,'PC','LENOVO','M710Q','MJ06PZFW','4GB DDR4 SO-DIMM','NULL','1TB','Intel(R) Core(TM) i5-7400T CPU @ 2.40GHz, 2400 Mhz','192.168.71.123','6C-4B-90-EA-67','791 415 611',0,'VIVA 1A IPS MACARENA','LINEA DE FRENTE MODULO 02',1,'jortega','2020-08-20 00:00:00','','2020-09-16 20:42:02','pc.png',NULL,''),(49,0,'PC','LENOVO','M710Q','MJ06PZKJ','4GB DDR4 SO-DIMM','NULL','1TB','Intel(R) Core(TM) i5-7400T CPU @ 2.40GHz, 2400 Mhz','192.168.71.162','6C-4B-90-EA-67','929 589 135',0,'VIVA 1A IPS MACARENA','LINEA DE FRENTE MODULO 08',1,'jortega','2020-08-20 00:00:00','','2020-09-16 20:42:02','pc.png',NULL,''),(50,0,'PC','LENOVO','M710Q','MJ06PZHR','4GB DDR3 SO-DIMM','NULL','1TB','Intel(R) Core(TM) i5-7400T CPU @ 2.40GHz, 2400 Mhz','192.168.71.67','6C-4B-90-52-50','694 961 071',0,'VIVA 1A IPS MACARENA','CONSULTORIO 24',1,'jortega','2020-08-20 00:00:00','','2020-09-16 20:42:02','pc.png',NULL,''),(51,0,'PC','LENOVO','M710Q','MJ06PZFR','4GB DDR3 SO-DIMM','NULL','1TB','Intel(R) Core(TM) i5-7400T CPU @ 2.40GHz, 2400 Mhz','192.168.71.180','6C-4B-90-52-4F','421662546',0,'VIVA 1A IPS MACARENA','CONSULTORIO 25',1,'jortega','2020-08-20 00:00:00','','2020-09-16 20:42:02','pc.png',NULL,''),(116,1000,'PC','','',' PC0UF1HX ','','','','','','',NULL,0,'VIVA 1A IPS MACARENA',' consultorio1 ',1,'jortega','0000-00-00 00:00:00','','2020-09-16 20:42:02','pc.png',NULL,NULL),(117,1000,'PC','LENOVO','V520S-08IKL','PC0UF3CU ','4GB DDR3 DIMM','','1TB','QUADCORE INTEL CORE I5-7400, 2979 MHZ','192.168.71.167','6C-4B-90-61-EB-BB','453 476 656',0,'VIVA 1A IPS MACARENA',' consultorio2 ',1,'jortega','0000-00-00 00:00:00','','2020-09-16 19:38:59','pc.png',NULL,''),(118,1000,'PC','','',' PC0UF3CN ','','','','','','',NULL,0,'VIVA 1A IPS MACARENA',' consultorio3 ',1,'jortega','0000-00-00 00:00:00','','2020-09-16 20:42:02','pc.png',NULL,NULL),(119,1000,'PC','','',' PC0UF3P6 ','','','','','','',NULL,0,'VIVA 1A IPS MACARENA',' consultorio4 ',1,'jortega','0000-00-00 00:00:00','','2020-09-16 20:42:02','pc.png',NULL,NULL),(120,1000,'PC','','',' PC0UF3P4 ','','','','','','',NULL,0,'VIVA 1A IPS MACARENA',' consultorio5 ',1,'jortega','0000-00-00 00:00:00','','2020-09-16 20:42:02','pc.png',NULL,NULL),(121,1000,'PC','','',' MJ06PZGB ','','','','','','',NULL,0,'VIVA 1A IPS MACARENA',' consultorio7 ',1,'jortega','0000-00-00 00:00:00','','2020-09-16 20:42:02','pc.png',NULL,NULL),(122,1000,'PC','','',' MJ06PZJJ ','','','','','','',NULL,0,'VIVA 1A IPS MACARENA',' consultorio8 ',1,'jortega','0000-00-00 00:00:00','','2020-09-16 20:42:02','pc.png',NULL,NULL),(123,1000,'PC','','',' MJ06PZG8 ','','','','','','',NULL,0,'VIVA 1A IPS MACARENA',' consultorio9 ',1,'jortega','0000-00-00 00:00:00','','2020-09-16 20:42:02','pc.png',NULL,NULL),(124,1000,'PC','','',' MJ06PZHH ','','','','','','',NULL,0,'VIVA 1A IPS MACARENA',' consultorio10 ',1,'jortega','0000-00-00 00:00:00','','2020-09-16 20:42:02','pc.png',NULL,NULL),(125,1000,'PC','','',' MJ06PZGT ','','','','','','',NULL,0,'VIVA 1A IPS MACARENA',' consultorio11 ',1,'jortega','0000-00-00 00:00:00','','2020-09-16 20:42:02','pc.png',NULL,NULL),(126,1000,'PC','LENOVO','THINKCENTRE M710Q',' MJ06PZK1 ','4GB DDR4 SO-DIMM','','1TB','QuadCore Intel Core i5-7400T, 2400 MHz','192.168.71.235','6C-4B-90-52-4F-CE','444 258 948',0,'VIVA 1A IPS MACARENA',' consultorio12 ',1,'jortega','0000-00-00 00:00:00','','2020-09-16 19:38:59','pc.png',NULL,'Microsoft Windows 10 Pro'),(127,1000,'PC','','',' MJ06PZFH ','','','','','','',NULL,0,'VIVA 1A IPS MACARENA',' consultorio13 ',1,'jortega','0000-00-00 00:00:00','','2020-09-16 20:42:02','pc.png',NULL,NULL),(128,1000,'PC','','',' MJ06PZFU ','','','','','','',NULL,0,'VIVA 1A IPS MACARENA',' consultorio14 ',1,'jortega','0000-00-00 00:00:00','','2020-09-16 20:42:02','pc.png',NULL,NULL),(129,1000,'PC','','',' MJ06PZGG ','','','','','','',NULL,0,'VIVA 1A IPS MACARENA',' consultorio15 ',1,'jortega','0000-00-00 00:00:00','','2020-09-16 20:42:02','pc.png',NULL,NULL),(130,1000,'PC','','',' MJ06PZJX ','','','','','','',NULL,0,'VIVA 1A IPS MACARENA',' consultorio16 ',1,'jortega','0000-00-00 00:00:00','','2020-09-16 20:42:02','pc.png',NULL,NULL),(131,1000,'PC','','',' MJ06PZEV ','','','','','','',NULL,0,'VIVA 1A IPS MACARENA',' consultorio17 ',1,'jortega','0000-00-00 00:00:00','','2020-09-16 20:42:02','pc.png',NULL,NULL),(132,1000,'PC','','',' MJ06PZKE ','','','','','','',NULL,0,'VIVA 1A IPS MACARENA',' consultorio19 ',1,'jortega','0000-00-00 00:00:00','','2020-09-16 20:42:02','pc.png',NULL,NULL),(133,1000,'PC','','',' MJ06PZEB ','','','','','','',NULL,0,'VIVA 1A IPS MACARENA',' consultorio20 ',1,'jortega','0000-00-00 00:00:00','','2020-09-16 20:42:02','pc.png',NULL,NULL),(134,1000,'PC','','',' MJ06PZKZ ','','','','','','',NULL,0,'VIVA 1A IPS MACARENA',' consultorio21 ',1,'jortega','0000-00-00 00:00:00','','2020-09-16 20:42:02','pc.png',NULL,NULL),(135,1000,'PC','','',' MJ06PZJR ','','','','','','',NULL,0,'VIVA 1A IPS MACARENA',' consultorio23 ',1,'jortega','0000-00-00 00:00:00','','2020-09-16 20:42:02','pc.png',NULL,NULL),(136,1000,'PC','','',' MJ06PZF8 ','','','','','','',NULL,0,'VIVA 1A IPS MACARENA',' consultorio27 ',1,'jortega','0000-00-00 00:00:00','','2020-09-16 20:42:02','pc.png',NULL,NULL),(137,1000,'PC','','',' MJ06PZHB ','','','','','','',NULL,0,'VIVA 1A IPS MACARENA',' consultorio28 ',1,'jortega','0000-00-00 00:00:00','','2020-09-16 20:42:02','pc.png',NULL,NULL),(138,1000,'PC','','',' MJ06PZJG ','','','','','','',NULL,0,'VIVA 1A IPS MACARENA',' consultorio29 ',1,'jortega','0000-00-00 00:00:00','','2020-09-16 20:42:02','pc.png',NULL,NULL),(139,1000,'PC','','',' MJ06PZH6 ','','','','','','',NULL,0,'VIVA 1A IPS MACARENA',' consultorio30 ',1,'jortega','0000-00-00 00:00:00','','2020-09-16 20:42:02','pc.png',NULL,NULL),(140,1000,'PC','','',' MJ06PZGS ','','','','','','',NULL,0,'VIVA 1A IPS MACARENA',' consultorio31 ',1,'jortega','0000-00-00 00:00:00','','2020-09-16 20:42:02','pc.png',NULL,NULL),(141,1000,'PC','','',' MJ06PZG2 ','','','','','','',NULL,0,'VIVA 1A IPS MACARENA',' consultorio32ELECTRO ',1,'jortega','0000-00-00 00:00:00','','2020-09-16 20:42:02','pc.png',NULL,NULL),(142,1000,'PC','','',' MJ06PZKP ','','','','','','',NULL,0,'VIVA 1A IPS MACARENA',' consultorio32CARDIOLOGIA ',1,'jortega','0000-00-00 00:00:00','','2020-09-16 20:42:02','pc.png',NULL,NULL),(143,1000,'PC','','',' YL002MN3 ','','','','','','',NULL,0,'VIVA 1A IPS MACARENA',' consultorio33 ',1,'jortega','0000-00-00 00:00:00','','2020-09-16 20:42:02','pc.png',NULL,NULL),(144,1000,'PC','','',' MJ06PZ6K ','','','','','','',NULL,0,'VIVA 1A IPS MACARENA',' Modulo1 ',1,'jortega','0000-00-00 00:00:00','','2020-09-16 20:42:02','pc.png',NULL,NULL),(145,1000,'PC','','',' MJ06PZH8 ','','','','','','',NULL,0,'VIVA 1A IPS MACARENA',' Modulo4 ',1,'jortega','0000-00-00 00:00:00','','2020-09-16 20:42:02','pc.png',NULL,NULL),(146,1000,'PC','','',' MJ06PZJ9 ','','','','','','',NULL,0,'VIVA 1A IPS MACARENA',' Modulo5 ',1,'jortega','0000-00-00 00:00:00','','2020-09-16 20:42:02','pc.png',NULL,NULL),(147,1000,'PC','','',' MJ06PZFN ','','','','','','',NULL,0,'VIVA 1A IPS MACARENA',' Modulo6 ',1,'jortega','0000-00-00 00:00:00','','2020-09-16 20:42:02','pc.png',NULL,NULL),(148,1000,'PC','','',' MJ06PZHJ ','','','','','','',NULL,0,'VIVA 1A IPS MACARENA',' Modulo7 ',1,'jortega','0000-00-00 00:00:00','','2020-09-16 20:42:02','pc.png',NULL,NULL),(149,1000,'PC','','',' MJ06PZK7 ','','','','','','',NULL,0,'VIVA 1A IPS MACARENA',' Modulo9 ',1,'jortega','0000-00-00 00:00:00','','2020-09-16 20:42:02','pc.png',NULL,NULL),(150,1000,'PC','','',' MJ06PZH2 ','','','','','','',NULL,0,'VIVA 1A IPS MACARENA',' Modulo10 ',1,'jortega','0000-00-00 00:00:00','','2020-09-16 20:42:02','pc.png',NULL,NULL),(151,1000,'PC','LENOVO','THINKCENTRE M710Q','MJ06PZL4 ','4GB DDR4 SO-DIMM','','1TB','INTEL CORE I5-7400T, 2400 MHZ QUADCORE ','192.168.71.100','6C-4B-90-52-50-84','696 059 473',0,'VIVA 1A IPS MACARENA','LINEA DE FRENTE MODULO 11 ',1,'jortega','0000-00-00 00:00:00','','2020-09-16 20:42:02','pc.png',NULL,'Microsoft Windows 10 Pro\r\nV1AMAC-LF11\r\n'),(154,1000,'PC','','',' MJ06PZF4 ','','','','','','',NULL,0,'VIVA 1A IPS MACARENA',' Modulo14 ',1,'jortega','0000-00-00 00:00:00','','2020-09-16 20:42:02','pc.png',NULL,NULL),(155,1000,'PC','','',' MJ06PZHC ','','','','','','',NULL,0,'VIVA 1A IPS MACARENA',' Modulo15 ',1,'jortega','0000-00-00 00:00:00','','2020-09-16 20:42:02','pc.png',NULL,NULL),(156,1000,'PC','','',' MJ06PZGA ','','','','','','',NULL,0,'VIVA 1A IPS MACARENA',' Modulo16 ',1,'jortega','0000-00-00 00:00:00','','2020-09-16 20:42:02','pc.png',NULL,NULL),(157,1000,'PC','','',' MJ06PZHF ','','','','','','',NULL,0,'VIVA 1A IPS MACARENA',' Modulo17 ',1,'jortega','0000-00-00 00:00:00','','2020-09-16 20:42:02','pc.png',NULL,NULL),(158,1000,'PC','','',' PC0UF3Q7 ','','','','','','',NULL,0,'VIVA 1A IPS MACARENA',' Modulo23 ',1,'jortega','0000-00-00 00:00:00','','2020-09-16 20:42:02','pc.png',NULL,NULL),(159,1000,'PC','','',' MJ06APXK ','','','','','','',NULL,0,'VIVA 1A IPS MACARENA',' Modulo18 ',1,'jortega','0000-00-00 00:00:00','','2020-09-16 20:42:02','pc.png',NULL,NULL),(160,1000,' CPU TODO EN UNO ','','',' 3CR52904FG ','','','','','','',NULL,0,'VIVA 1A IPS MACARENA',' Modulo2 ',1,'jortega','0000-00-00 00:00:00','','2020-09-16 20:42:02',NULL,NULL,NULL),(161,1000,'PC','','',' MJ07PZ6W ','','','','','','',NULL,0,'VIVA 1A IPS MACARENA',' odontologia1 ',1,'jortega','0000-00-00 00:00:00','','2020-09-16 20:42:02','pc.png',NULL,NULL),(162,1000,'PC','','',' MJ06PZGW ','','','','','','',NULL,0,'VIVA 1A IPS MACARENA',' odontologia2 ',1,'jortega','0000-00-00 00:00:00','','2020-09-16 20:42:02','pc.png',NULL,NULL),(163,1000,'PC','','',' YL002L9C ','','','','','','',NULL,0,'VIVA 1A IPS MACARENA',' odontologia3 ',1,'jortega','0000-00-00 00:00:00','','2020-09-16 20:42:02','pc.png',NULL,NULL),(164,1000,'PC','','',' PC0UAXPA ','','','','','','',NULL,0,'VIVA 1A IPS MACARENA',' ECOGRAFIA ',1,'jortega','0000-00-00 00:00:00','','2020-09-16 20:42:02','pc.png',NULL,NULL),(165,1000,'PC','','',' PC0UF3Z5 ','','','','','','',NULL,0,'VIVA 1A IPS MACARENA',' procedimiento ',1,'jortega','0000-00-00 00:00:00','','2020-09-16 20:42:02','pc.png',NULL,NULL),(166,1000,'PC','','',' PC0UF3N4 ','','','','','','',NULL,0,'VIVA 1A IPS MACARENA',' FISIO TERAPIA ',1,'jortega','0000-00-00 00:00:00','','2020-09-16 20:42:02','pc.png',NULL,NULL),(167,1000,'PC','','',' MJ06PZHK ','','','','','','',NULL,0,'VIVA 1A IPS MACARENA',' AUDITORIO ',1,'jortega','0000-00-00 00:00:00','','2020-09-16 20:42:02','pc.png',NULL,NULL),(168,1000,'PC','','',' MJ06APWM ','','','','','','',NULL,0,'VIVA 1A IPS MACARENA',' ATRIL ',1,'jortega','0000-00-00 00:00:00','','2020-09-16 20:42:02','pc.png',NULL,NULL),(169,0,'PC','LENOVO','THINKCENTRE M73','MJ00VAYE','4GB DDR3 DIMM','NULL','300GB','INTEL(R) CORE(TM) I3-4130 CPU @ 3.40GHZ, 3400 MHZ, 2 PROCESADORES PRINCIPALES, 4 PROCESADORES LÓGICOS','192.168.16.75','44-8A-5B-75-39-36','550 791 024',0,'VIVA 1A IPS CARRERA 16','LINEA DE FRENTE MODULO 3',1,'jortega','2020-08-25 11:24:26','','2020-09-16 20:42:40','pc.png',NULL,''),(170,0,'PC','LENOVO','THINKCENTRE E73Z','S1H02QGN','4GB DDR3 DIMM','NULL','500GB','DUALCORE INTEL CORE I3-4160, 3600 MHZ','192.168.16.63','98-EE-CB-15-12-FF','278 779 528',0,'VIVA 1A IPS CARRERA 16','LINEA DE FRENTE MODULO 04 P2',1,'jortega','2020-08-25 16:24:57','','2020-09-16 20:42:40','pc.png',NULL,'Sistema operativo	Microsoft Windows 7 Professional\r\nNombre del equipo	V1AC16-LF06'),(171,0,'PC','LENOVO ','THINKCENTRE M73','MJ00VAZ1','4GB DDR3 DIMM','NULL','500GB','DUALCORE INTEL CORE I3-4130, 3400 MHZ','192.168.16.60','44-8A-5B-75-25-A9','870 561 845',0,'VIVA 1A IPS CARRERA 16','LINEA DE FRENTE MODULO 05 P2',1,'jortega','2020-08-25 16:54:48','','2020-09-16 20:42:40','pc.png',NULL,'ALL IN ONE\r\nSistema operativo	Microsoft Windows 7 Professional'),(172,0,'PC','LENOVO','THINKCENTRE M710Q','MJ06APXK','4GB DDR3 SO-DIMM','NULL','500GB','DUALCORE INTEL CORE I3-6100T, 3200 MHZ','192.168.71.83','6C-4B-90-34-35-2F','405 296 429',0,'VIVA 1A IPS MACARENA','LINEA DE FRENTE MODULO 13',1,'jortega','2020-08-28 10:55:41','','2020-09-16 20:42:02','pc.png',NULL,'Microsoft Windows 10 Pro\r\nV1AMAC-LF13'),(174,0,'TV RASPBERRY PI',' RASPBERRY ',' PI 4 ','','1GB DDR2 SO-DIMM','','','',' 192.168.12.20 ','DC:A6:32:3D:4A:EF',NULL,0,'VIVA 1A IPS SOLEDAD',' PISO 1 SALA 2 ',3,'fviloria','0000-00-00 00:00:00','','2020-09-16 20:44:39','raspberry.png',NULL,NULL),(175,0,'TV RASPBERRY PI',' RASPBERRY ',' PI 4 ','','1GB DDR2 SO-DIMM','','','',' 192.168.12.30 ','DC:A6:32:0D:B2:45',NULL,0,'VIVA 1A IPS SOLEDAD',' PISO 2 ',3,'fviloria','0000-00-00 00:00:00','','2020-09-16 20:44:39','raspberry.png',NULL,NULL),(195,0,'PC','LENOVO','THINKCENTRE M710Q','MJ06PZG9','4GB DDR4 SO-DIMM','NULL','1TB','INTEL CORE I5-7400T, 2400 MHZ QUADCORE','192.168.71.127','6C-4B-90-52-4F-E3','186 636 320',0,'VIVA 1A IPS MACARENA','LINEA DE FRENTE MODULO 12',1,'jortega','2020-09-03 14:29:23','','2020-09-16 20:42:02','pc.png',NULL,''),(196,0,'TV RASPBERRY PI','RASPBERRY PI FOUNDATION','PI 4','XXXXXXXXXXX','1GB DDR2 SO-DIMM','NULL','70GB','','192.168.16.27','B8:27:EB:23:D6:2D','',0,'VIVA 1A IPS CARRERA 16','PISO 1 ADMISIONES',1,'jortega','2020-09-08 07:23:17','','2020-09-16 20:42:40','raspberry.png',NULL,''),(197,0,'PC','LENOVO','THINKCENTRE M73','MJ00VAZ7','4GB DDR3 DIMM','NULL','500GB','INTEL CORE I3-4130, 3400 MHZ DUALCORE ','192.168.16.74','44-8A-5B-75-24-D7','1 362 652',0,'VIVA 1A IPS CARRERA 16','CONSULTORIO 02 PISO 1',1,'jortega','2020-09-08 11:39:50','','2020-09-16 20:42:40','pc.png',NULL,'Microsoft Windows 7 Professional\r\nV1AC16-CON02'),(198,0,'PC','LENOVO','THINKCENTRE M73','MJ00VAYS','4GB DDR3 DIMM','NULL','500GB','DUALCORE INTEL CORE I3-4130, 3400 MHZ','192.168.16.73','44-8A-5B-75-16-C4','4 898 537',0,'VIVA 1A IPS CARRERA 16','CONSULTORIO 04 PISO 1',1,'jortega','2020-09-08 15:03:31','','2020-09-16 20:42:40','pc.png',NULL,'Microsoft Windows 7 Professional\r\nV1AC16-CON04'),(234,1001,'PC',' LENOVO ',' V520S ',' PCOUF40H ','','','','','','',NULL,0,'VIVA 1A IPS CALLE 30',' CONSULTORIO 1 - PISO 1 ',3,'','2020-09-15 16:41:34','','2020-09-16 19:38:59','pc.png',NULL,' WINDOWS 7 PROFESSIONAL '),(235,1001,'PC',' HP COMPAQ ','  ',' MXL83511F7 ','','','','','','',NULL,0,'VIVA 1A IPS CALLE 30',' CONSULTORIO 2 - PISO 1 ',3,'','2020-09-15 16:41:34','','2020-09-16 19:38:59','pc.png',NULL,' WINDOWS 7 PROFESSIONAL '),(236,1001,'PC',' LENOVO ',' THINKCENTRE M71Q ',' MJ06A4DR ','','','','','','',NULL,0,'VIVA 1A IPS CALLE 30',' CONSULTORIO 3 - PISO 1 ',3,'','2020-09-15 16:41:34','','2020-09-16 19:38:59','pc.png',NULL,' WINDOWS 10 PROFESSIONAL '),(237,1001,'PC',' LENOVO ',' H220 ',' 11S30002049001019CV3RZ ','','','','','','',NULL,0,'VIVA 1A IPS CALLE 30',' CONSULTORIO 4 - PISO 1 ',3,'','2020-09-15 16:41:34','','2020-09-16 19:38:59','pc.png',NULL,' WINDOWS 7 PROFESSIONAL '),(238,1001,'PC',' LENOVO ',' AD8 ',' L3E224 ','','','','','','',NULL,0,'VIVA 1A IPS CALLE 30',' CONSULTORIO 5 - PISO 1 ',3,'','2020-09-15 16:41:34','','2020-09-16 19:38:59','pc.png',NULL,' WINDOWS 7 PROFESSIONAL '),(239,1001,'PC',' LENOVO ',' V520S ',' PCOUF1F3 ','','','','','','',NULL,0,'VIVA 1A IPS CALLE 30',' CONSULTORIO 6 - PISO 1 ',3,'','2020-09-15 16:41:34','','2020-09-16 19:38:59','pc.png',NULL,' WINDOWS 10 PROFESSIONAL '),(240,1001,'PC',' DELL ',' OPTIPLEX 3020 ',' 30089568998 ','','','','','','',NULL,0,'VIVA 1A IPS CALLE 30',' CONSULTORIO 7 - PISO 1 ',3,'','2020-09-15 16:41:34','','2020-09-16 19:38:59','pc.png',NULL,' WINDOWS 10 PROFESSIONAL '),(241,1001,'PC',' HP COMPAQ ',' 5008 MT ',' MXL0351VYS ','','','','','','',NULL,0,'VIVA 1A IPS CALLE 30',' CONSULTORIO 8 - PISO 1 ',3,'','2020-09-15 16:41:34','','2020-09-16 19:38:59','pc.png',NULL,' WINDOWS 7 PROFESSIONAL '),(242,1001,'PC',' LENOVO ',' AD8 ',' L3E1350 ','','','','','','',NULL,0,'VIVA 1A IPS CALLE 30',' CONSULTORIO 9 - PISO 2 ',3,'','2020-09-15 16:41:34','','2020-09-16 19:38:59','pc.png',NULL,' WINDOWS 7 PROFESSIONAL '),(243,1001,'PC',' LENOVO ',' AD8 ',' L3E1102 ','','','','','','',NULL,0,'VIVA 1A IPS CALLE 30',' CONSULTORIO 10 - PISO 2 ',3,'','2020-09-15 16:41:34','','2020-09-16 19:38:59','pc.png',NULL,' WINDOWS 7 PROFESSIONAL '),(244,1001,'PC',' LENOVO ',' AD8 ',' L3E1124 ','','','','','','',NULL,0,'VIVA 1A IPS CALLE 30',' CONSULTORIO 11 - PISO 2 ',3,'','2020-09-15 16:41:34','','2020-09-16 19:38:59','pc.png',NULL,' WINDOWS 7 PROFESSIONAL '),(245,1001,'PC',' LENOVO ',' AD8 ',' L3E1100 ','','','','','','',NULL,0,'VIVA 1A IPS CALLE 30',' CONSULTORIO 12 - PISO 2 ',3,'','2020-09-15 16:41:34','','2020-09-16 19:38:59','pc.png',NULL,' WINDOWS 7 PROFESSIONAL '),(246,1001,'PC',' LENOVO ',' AD8 ',' L3E1159 ','','','','','','',NULL,0,'VIVA 1A IPS CALLE 30',' CONSULTORIO 13 - PISO 2 ',3,'','2020-09-15 16:41:34','','2020-09-16 19:38:59','pc.png',NULL,' WINDOWS 7 PROFESSIONAL '),(247,1001,'PC',' LENOVO ',' THINKCENTRE M71Q ',' MJ06LXHX ','','','','','','',NULL,0,'VIVA 1A IPS CALLE 30',' CONSULTORIO 14 - PISO 2 ',3,'','2020-09-15 16:41:34','','2020-09-16 19:38:59','pc.png',NULL,' WINDOWS 10 PROFESSIONAL '),(248,1001,'PC',' LENOVO ',' AD8 ',' L3E1332 ','','','','','','',NULL,0,'VIVA 1A IPS CALLE 30',' CONSULTORIO 15 - PISO 2 ',3,'','2020-09-15 16:41:34','','2020-09-16 19:38:59','pc.png',NULL,' WINDOWS 7 PROFESSIONAL '),(249,1001,'PC',' DELL ',' OPTIPLEX 3020 ',' CN04W34Y-70163 ','','','','','','',NULL,0,'VIVA 1A IPS CALLE 30',' LINEA DE FRENTE MOD 1 - PISO 1 ',3,'','2020-09-15 16:41:34','','2020-09-16 19:38:59','pc.png',NULL,' WINDOWS 7 PROFESSIONAL '),(250,1001,'PC',' LENOVO ',' THINKCENTRE M73 ',' MJ018Y5C ','','','','','','',NULL,0,'VIVA 1A IPS CALLE 30',' LINEA DE FRENTE MOD 2 - PISO 1 ',3,'','2020-09-15 16:41:34','','2020-09-16 19:38:59','pc.png',NULL,' WINDOWS 7 PROFESSIONAL '),(251,1001,'PC',' LENOVO ',' THINKCENTRE M73 ',' MJ018Y5Y ','','','','','','',NULL,0,'VIVA 1A IPS CALLE 30',' LINEA DE FRENTE MOD 3 - PISO 1 ',3,'','2020-09-15 16:41:34','','2020-09-16 19:38:59','pc.png',NULL,' WINDOWS 7 PROFESSIONAL '),(252,1001,'PC',' LENOVO ',' LENOVO ',' 11S300020490010102434H ','','','','','','',NULL,0,'VIVA 1A IPS CALLE 30',' LINEA DE FRENTE MOD 4 - PISO 1 ',3,'','2020-09-15 16:41:34','','2020-09-16 19:38:59','pc.png',NULL,' WINDOWS 7 PROFESSIONAL '),(253,1001,'PC',' LENOVO ',' THINKCENTRE M71E ',' MJGVCHX ','','','','','','',NULL,0,'VIVA 1A IPS CALLE 30',' LINEA DE FRENTE MOD 6 - PISO 2 ',3,'','2020-09-15 16:41:34','','2020-09-16 19:38:59','pc.png',NULL,' WINDOWS 7 PROFESSIONAL '),(254,1001,'PC',' LENOVO ',' THINKCENTRE M710Q ',' MJ068TUL ','','','','','','',NULL,0,'VIVA 1A IPS CALLE 30',' LINEA DE FRENTE MOD 7 - PISO 2 ',3,'','2020-09-15 16:41:34','','2020-09-16 19:38:59','pc.png',NULL,' WINDOWS 10 PROFESSIONAL '),(255,1001,'PC',' LENOVO ',' THINKCENTRE M710Q ',' MJ068TXF ','','','','','','',NULL,0,'VIVA 1A IPS CALLE 30',' LINEA DE FRENTE MOD 7 AUX - PISO 2 ',3,'','2020-09-15 16:41:34','','2020-09-16 19:38:59','pc.png',NULL,' WINDOWS 10 PROFESSIONAL '),(256,1001,'PC',' LENOVO ',' V530S ',' YL005S3Z ','','','','','','',NULL,0,'VIVA 1A IPS CALLE 30',' LINEA DE FRENTE MOD 8 - PISO 2 ',3,'','2020-09-15 16:41:34','','2020-09-16 19:38:59','pc.png',NULL,' WINDOWS 10 PROFESSIONAL '),(257,1001,'PC',' LENOVO ',' V530S ',' YL002MWF ','','','','','','',NULL,0,'VIVA 1A IPS CALLE 30',' LINEA DE FRENTE MOD 9 - PISO 2 ',3,'','2020-09-15 16:41:34','','2020-09-16 19:38:59','pc.png',NULL,' WINDOWS 10 PROFESSIONAL '),(258,1001,'PC',' LENOVO ',' V520S ',' PCOUF40C ','','','','','','',NULL,0,'VIVA 1A IPS CALLE 30',' LINEA DE FRENTE MOD 10 - PISO 2 ',3,'','2020-09-15 16:41:34','','2020-09-16 19:38:59','pc.png',NULL,' WINDOWS 10 PROFESSIONAL '),(259,1001,'PC',' LENOVO ',' THINKCENTRE M710Q ',' MJ06PCU6 ','','','','','','',NULL,0,'VIVA 1A IPS CALLE 30',' ATRIL TURNERO - PISO 1 ',3,'','2020-09-15 16:41:34','','2020-09-16 19:38:59','pc.png',NULL,' WINDOWS 10 PROFESSIONAL '),(260,1001,'PC',' LENOVO ',' THINKCENTRE M710Q ',' MJ05J7T3 ','','','','','','',NULL,0,'VIVA 1A IPS CALLE 30',' ATRIL LABORATORIO - PISO 1 ',3,'','2020-09-15 16:41:34','','2020-09-16 19:38:59','pc.png',NULL,' WINDOWS 10 PROFESSIONAL '),(261,1001,'PC',' DELL ',' OPTIPLEX 3020 ',' 30070813286 ','','','','','','',NULL,0,'VIVA 1A IPS CALLE 30',' SIAU - ATENCION AL USUARIO - PISO 1 ',3,'','2020-09-15 16:41:34','','2020-09-16 19:38:59','pc.png',NULL,' WINDOWS 10 PROFESSIONAL '),(262,1001,'PC',' LENOVO ',' ALL IN ONE 10150 ',' CSO1879098 ','','','','','','',NULL,0,'VIVA 1A IPS CALLE 30',' OFICINA ADMINISTRACION - PISO 2 ',3,'','2020-09-15 16:41:34','','2020-09-16 19:38:59','pc.png',NULL,' WINDOWS 8.1 PROFESSIONAL '),(263,1001,'PC',' LENOVO ',' ALL IN ONE 10151 ',' CSO1879177 ','','','','','','',NULL,0,'VIVA 1A IPS CALLE 30',' OFICINA ADMINISTRACION - PISO 2 ',3,'','2020-09-15 16:41:34','','2020-09-16 19:38:59','pc.png',NULL,' WINDOWS 8.1 PROFESSIONAL '),(264,1001,'PC',' LENOVO ',' THINKCENTRE M73 ',' MJ00M57H ','','','','','','',NULL,0,'VIVA 1A IPS CALLE 30',' CONSULTORIO DE VACUNACION - PISO 1 ',3,'','2020-09-15 16:41:34','','2020-09-16 19:38:59','pc.png',NULL,' WINDOWS 7 PROFESSIONAL '),(265,1001,'PC',' HP COMPAQ ',' PRO SFF ',' MXL4090ND5 ','','','','','','',NULL,0,'VIVA 1A IPS CALLE 30',' CONSULTORIO DE PROCEDIMIENTOS - PISO 1 ',3,'','2020-09-15 16:41:34','','2020-09-16 19:38:59','pc.png',NULL,' WINDOWS 7 PROFESSIONAL '),(266,1001,'LAPTOP',' HP ',' HP420 ',' CNU0222RMH ','','','','','','',NULL,0,'VIVA 1A IPS CALLE 30',' OFICINA ADMINISTRACION - PISO 2 ',3,'','2020-09-15 16:42:17','','2020-09-16 19:39:25','pc.png',NULL,' WINDOWS 7 PROFESSIONAL '),(267,1002,'PC',' LENOVO ',' THINKCENTRE M710Q ',' MJ05J7UH ','','','','','','',NULL,0,'VIVA 1A IPS SOLEDAD',' CONSULTORIO 1 - PISO 1 ',3,'','0000-00-00 00:00:00','','2020-09-16 19:38:59','pc.png',NULL,' WINDOWS 10 PROFESSIONAL '),(268,1002,'PC',' LENOVO ',' V530S ',' YL005RNN ','','','','','','',NULL,0,'VIVA 1A IPS SOLEDAD',' CONSULTORIO 2 - PISO 1 ',3,'','0000-00-00 00:00:00','','2020-09-16 19:38:59','pc.png',NULL,' WINDOWS 10 PROFESSIONAL '),(269,1002,'PC',' LENOVO ',' V530S ',' YL005RMN ','','','','','','',NULL,0,'VIVA 1A IPS SOLEDAD',' CONSULTORIO 3 - PISO 1 ',3,'','0000-00-00 00:00:00','','2020-09-16 19:38:59','pc.png',NULL,' WINDOWS 10 PROFESSIONAL '),(270,1002,'PC',' LENOVO ',' THINKCENTRE M81 ',' MJDVBYX ','','','','','','',NULL,0,'VIVA 1A IPS SOLEDAD',' CONSULTORIO 4 - PISO 1 ',3,'','0000-00-00 00:00:00','','2020-09-16 19:38:59','pc.png',NULL,' WINDOWS 10 PROFESSIONAL '),(271,1002,'PC',' LENOVO ',' V530S ',' YL002L8E ','','','','','','',NULL,0,'VIVA 1A IPS SOLEDAD',' CONSULTORIO 5 - PISO 1 ',3,'','0000-00-00 00:00:00','','2020-09-16 19:38:59','pc.png',NULL,' WINDOWS 10 PROFESSIONAL '),(272,1002,'PC',' LENOVO ',' THINKCENTRE M81 ',' MJDVBZB ','','','','','','',NULL,0,'VIVA 1A IPS SOLEDAD',' CONSULTORIO 6 - PISO 2 ',3,'','0000-00-00 00:00:00','','2020-09-16 19:38:59','pc.png',NULL,' WINDOWS 7 PROFESSIONAL '),(273,1002,'PC',' LENOVO ',' ALL IN ONE E73Z ',' S1H03LHE ','','','','','','',NULL,0,'VIVA 1A IPS SOLEDAD',' CONSULTORIO 7 - PISO 2 ',3,'','0000-00-00 00:00:00','','2020-09-16 19:38:59','pc.png',NULL,' WINDOWS 7 PROFESSIONAL '),(274,1002,'PC',' LENOVO ',' ALL IN ONE E73Z ',' S1H01YDB ','','','','','','',NULL,0,'VIVA 1A IPS SOLEDAD',' CONSULTORIO 8 - PISO 2 ',3,'','0000-00-00 00:00:00','','2020-09-16 19:38:59','pc.png',NULL,' WINDOWS 7 PROFESSIONAL '),(275,1002,'PC',' LENOVO ',' THINKCENTRE M76E ',' MJ05HND ','','','','','','',NULL,0,'VIVA 1A IPS SOLEDAD',' CONSULTORIO 9- PISO 2 ',3,'','0000-00-00 00:00:00','','2020-09-16 19:38:59','pc.png',NULL,' WINDOWS 7 PROFESSIONAL '),(276,1002,'PC',' LENOVO ',' ALL IN ONE E73Z ',' S1H03LJF ','','','','','','',NULL,0,'VIVA 1A IPS SOLEDAD',' CONSULTORIO 10- PISO 2 ',3,'','0000-00-00 00:00:00','','2020-09-16 19:38:59','pc.png',NULL,' WINDOWS 10 PROFESSIONAL '),(277,1002,'PC',' LENOVO ',' THINKCENTRE M710Q ',' VKC91160 ','','','','','','',NULL,0,'VIVA 1A IPS SOLEDAD',' LINEA DE FRENTE - PISO 1 MOD1   ',3,'','0000-00-00 00:00:00','','2020-09-16 19:38:59','pc.png',NULL,' WINDOWS 10 PROFESSIONAL '),(278,1002,'PC',' LENOVO ',' THINKCENTRE M72E ',' MJ450GT ','','','','','','',NULL,0,'VIVA 1A IPS SOLEDAD',' LINEA DE FRENTE - PISO 1 MOD2   ',3,'','0000-00-00 00:00:00','','2020-09-16 19:38:59','pc.png',NULL,' WINDOWS 10 PROFESSIONAL '),(279,1002,'PC',' LENOVO ',' THINCENTRE A70 ',' S5DMXYP ','','','','','','',NULL,0,'VIVA 1A IPS SOLEDAD',' LINEA DE FRENTE - PISO 1  MOD3 ',3,'','0000-00-00 00:00:00','','2020-09-16 19:38:59','pc.png',NULL,' WINDOWS 7 PROFESSIONAL '),(280,1002,'PC',' LENOVO ',' V530S ',' YL002M3A ','','','','','','',NULL,0,'VIVA 1A IPS SOLEDAD',' LINEA DE FRENTE - PISO  1 MOD4 IMAGENOLOGIA ',3,'','0000-00-00 00:00:00','','2020-09-16 19:38:59','pc.png',NULL,' WINDOWS 10 PROFESSIONAL '),(281,1002,'PC',' LENOVO ',' V530S ',' YL002M80 ','','','','','','',NULL,0,'VIVA 1A IPS SOLEDAD',' LINEA DE FRENTE - PISO  1 MOD5 ',3,'','0000-00-00 00:00:00','','2020-09-16 19:38:59','pc.png',NULL,' WINDOWS 10 PROFESSIONAL '),(282,1002,'PC',' LENOVO ',' THINKCENTRE M710Q ',' MJ06A4D9 ','','','','','','',NULL,0,'VIVA 1A IPS SOLEDAD',' ATENCION AL USUARIO - PISO  1 SIAU ',3,'','0000-00-00 00:00:00','','2020-09-16 19:38:59','pc.png',NULL,' WINDOWS 10 PROFESSIONAL '),(283,1002,'PC',' LENOVO ',' V530S ',' YL002M80 ','','','','','','',NULL,0,'VIVA 1A IPS SOLEDAD',' FARMACIA CAJACOPI - PISO 1 ',3,'','0000-00-00 00:00:00','','2020-09-16 19:38:59','pc.png',NULL,' WINDOWS 10 PROFESSIONAL '),(284,1002,'PC',' LENOVO ',' THINKCENTRE ',' MJGVHBV ','','','','','','',NULL,0,'VIVA 1A IPS SOLEDAD',' FISIOTERAPIA - PISO 1 ',3,'','0000-00-00 00:00:00','','2020-09-16 19:38:59','pc.png',NULL,' WINDOWS 7 PROFESSIONAL '),(285,1002,'PC',' LENOVO ',' ALL IN ONE E73Z ',' S1H03LH4 ','','','','','','',NULL,0,'VIVA 1A IPS SOLEDAD',' ECOGRAFIA - PISO 1 ',3,'','0000-00-00 00:00:00','','2020-09-16 19:38:59','pc.png',NULL,' WINDOWS 7 PROFESSIONAL '),(286,1002,'PC',' LENOVO ',' WORKSTATION P300 ',' MJ030DL3 ','','','','','','',NULL,0,'VIVA 1A IPS SOLEDAD',' RAYOS X - PISO 1 ',3,'','0000-00-00 00:00:00','','2020-09-16 19:38:59','pc.png',NULL,' WINDOWS 7 PROFESSIONAL '),(287,1002,'PC',' LENOVO ',' V530S ',' YL005RWM ','','','','','','',NULL,0,'VIVA 1A IPS SOLEDAD',' ODONTOLOGIA - PISO 1 ',3,'','0000-00-00 00:00:00','','2020-09-16 19:38:59','pc.png',NULL,' WINDOWS 10 PROFESSIONAL '),(288,1002,'PC',' LENOVO ',' THINKCENTRE M71E ',' MJGVHBG ','','','','','','',NULL,0,'VIVA 1A IPS SOLEDAD',' AUDITORIO - PISO 1 ',3,'','0000-00-00 00:00:00','','2020-09-16 19:38:59','pc.png',NULL,' WINDOWS 7 PROFESSIONAL '),(289,1002,'PC',' LENOVO ',' THINKCENTRE M710Q ',' MJ05UPRN ','','','','','','',NULL,0,'VIVA 1A IPS SOLEDAD',' CIRUGIA - PISO 2 ',3,'','0000-00-00 00:00:00','','2020-09-16 19:38:59','pc.png',NULL,' WINDOWS 10 PROFESSIONAL '),(290,1002,'PC',' LENOVO ',' ALL IN ONE E73Z ',' S1H01XNV ','','','','','','',NULL,0,'VIVA 1A IPS SOLEDAD',' ADMINISTRACION - PISO 2 ',3,'','0000-00-00 00:00:00','','2020-09-16 19:38:59','pc.png',NULL,' WINDOWS 10 PROFESSIONAL '),(291,1002,'LAPTOP',' LENOVO ',' LAPTOP THINKPAD X240 ',' PB-0368K1 ','','','','','','',NULL,0,'VIVA 1A IPS SOLEDAD',' OFICINA DIRECTOR - PISO 2 ',3,'','0000-00-00 00:00:00','','2020-09-16 19:39:25','pc.png',NULL,' WINDOWS 7 PROFESSIONAL '),(292,1002,'PC',' LENOVO ',' ALL IN ONE E73Z ',' S1H01YLW ','','','','','','',NULL,0,'VIVA 1A IPS SOLEDAD',' IMAGENOLOGIA - PISO 2 ',3,'','0000-00-00 00:00:00','','2020-09-16 19:38:59','pc.png',NULL,' WINDOWS 7 PROFESSIONAL '),(293,1002,'LAPTOP',' LENOVO ',' LAPTOP THINKPAD E470 ',' PF-QFX396 ','','','','','','',NULL,0,'VIVA 1A IPS SOLEDAD',' ENFERMERA - PISO 2 ',3,'','0000-00-00 00:00:00','','2020-09-16 19:39:25','pc.png',NULL,' WINDOWS 10 PROFESSIONAL '),(294,1002,'LAPTOP',' LENOVO ',' LAPTOP THINKPAD E470 ',' PF-107PUT ','','','','','','',NULL,0,'VIVA 1A IPS SOLEDAD',' QUIMICO – PISO 2 ',3,'','0000-00-00 00:00:00','','2020-09-16 19:39:25','pc.png',NULL,' WINDOWS 7 PROFESSIONAL '),(295,1002,'PC',' LENOVO ',' ALL IN ONE E73Z ',' S1H02RRT ','','','','','','',NULL,0,'VIVA 1A IPS SOLEDAD',' VIVA1A IPS - CALLE 30 ',3,'','0000-00-00 00:00:00','','2020-09-16 19:38:59','pc.png',NULL,' WINDOWS 7 PROFESSIONAL '),(296,1002,'PC',' LENOVO ',' ALL IN ONE E73Z ',' S1H02K65 ','','','','','','',NULL,0,'VIVA 1A IPS SOLEDAD',' VIVA1A IPS - CALLE 30 ',3,'','0000-00-00 00:00:00','','2020-09-16 19:38:59','pc.png',NULL,' WINDOWS 7 PROFESSIONAL '),(297,1002,'PC',' LENOVO ',' THINKCENTRE M710Q ',' MJ06A4DR ','','','','','','',NULL,0,'VIVA 1A IPS SOLEDAD',' VIVA1A IPS - CALLE 30 ',3,'','0000-00-00 00:00:00','','2020-09-16 19:38:59','pc.png',NULL,' WINDOWS 10 PROFESSIONAL '),(298,1002,'PC',' LENOVO ',' THINKCENTRE M71E ',' MJGVKHX ','','','','','','',NULL,0,'VIVA 1A IPS SOLEDAD',' VIVA1A IPS - CALLE 30 ',3,'','0000-00-00 00:00:00','','2020-09-16 19:38:59','pc.png',NULL,' WINDOWS 7 PROFESSIONAL '),(299,1002,'PC',' LENOVO ',' THINKCENTRE M71E ',' MJ00M576 ','','','','','','',NULL,0,'VIVA 1A IPS SOLEDAD',' VIVA1A IPS - CALLE 30 ',3,'','0000-00-00 00:00:00','','2020-09-16 19:38:59','pc.png',NULL,' WINDOWS 7 PROFESSIONAL '),(300,1003,'PC',' LENOVO ','',' MJ04RYU3 ','','','','','','',NULL,0,'VIVA 1A IPS SURA SAN JOSE',' MODULO 4 ',1,'','0000-00-00 00:00:00','','2020-09-16 20:22:51','pc.png',NULL,NULL),(301,1003,'PC',' LENOVO ','',' MJ04RYUJ ','','','','','','',NULL,0,'VIVA 1A IPS SURA SAN JOSE',' MODULO 5 ',1,'','0000-00-00 00:00:00','','2020-09-16 20:22:51','pc.png',NULL,NULL),(302,1003,'PC',' LENOVO ','',' PC0UF3CV ','','','','','','',NULL,0,'VIVA 1A IPS SURA SAN JOSE',' MODULO 1 ',1,'','0000-00-00 00:00:00','','2020-09-16 20:22:51','pc.png',NULL,NULL),(303,1003,'PC',' LENOVO ','',' PC035CCB ','','','','','','',NULL,0,'VIVA 1A IPS SURA SAN JOSE',' MODULO 1 imagenologia ',1,'','0000-00-00 00:00:00','','2020-09-16 20:22:51','pc.png',NULL,NULL),(304,1003,'PC',' LENOVO ','',' PC0UHA5G ','','','','','','',NULL,0,'VIVA 1A IPS SURA SAN JOSE',' MODULO 2 imagenologia ',1,'','0000-00-00 00:00:00','','2020-09-16 20:22:51','pc.png',NULL,NULL),(305,1003,'PC',' LENOVO ','',' PC0UF1K1 ','','','','','','',NULL,0,'VIVA 1A IPS SURA SAN JOSE',' TRANSCRIPCION DE RAYOS X ',1,'','0000-00-00 00:00:00','','2020-09-16 20:22:51','pc.png',NULL,NULL),(306,1003,'PC',' LENOVO ','',' MJ030DKY ','','','','','','',NULL,0,'VIVA 1A IPS SURA SAN JOSE',' RAYOS X ',1,'','0000-00-00 00:00:00','','2020-09-16 20:22:51','pc.png',NULL,NULL),(307,1003,'PC',' LENOVO ','',' MJ04RYVB ','','','','','','',NULL,0,'VIVA 1A IPS SURA SAN JOSE',' FISIOTERAPIA ',1,'','0000-00-00 00:00:00','','2020-09-16 20:22:51','pc.png',NULL,NULL),(308,1003,'PC',' LENOVO ','',' PF018APF ','','','','','','',NULL,0,'VIVA 1A IPS SURA SAN JOSE',' FISIOTERAPIA ',1,'','0000-00-00 00:00:00','','2020-09-16 20:22:51','pc.png',NULL,NULL),(309,1003,'PC',' LENOVO ','',' 13589 ','','','','','','',NULL,0,'VIVA 1A IPS SURA SAN JOSE',' CONSULTORIO 101 ',1,'','0000-00-00 00:00:00','','2020-09-16 20:22:51','pc.png',NULL,NULL),(310,1003,'PC',' LENOVO ','',' MJ05FCU9 ','','','','','','',NULL,0,'VIVA 1A IPS SURA SAN JOSE',' CONSULTORIO 102 ',1,'','0000-00-00 00:00:00','','2020-09-16 20:22:51','pc.png',NULL,NULL),(311,1003,'PC',' LENOVO ','',' PC0UF3P7 ','','','','','','',NULL,0,'VIVA 1A IPS SURA SAN JOSE',' MODULO SALA PAC ',1,'','0000-00-00 00:00:00','','2020-09-16 20:22:51','pc.png',NULL,NULL),(312,1003,'PC',' LENOVO ','',' MJ04RYV1 ','','','','','','',NULL,0,'VIVA 1A IPS SURA SAN JOSE',' VACUNACION ',1,'','0000-00-00 00:00:00','','2020-09-16 20:22:51','pc.png',NULL,NULL),(313,1003,'PC',' LENOVO ','',' PC0UF1ES ','','','','','','',NULL,0,'VIVA 1A IPS SURA SAN JOSE',' CONSULTORIO 103 ',1,'','0000-00-00 00:00:00','','2020-09-16 20:22:51','pc.png',NULL,NULL),(314,1003,'PC',' LENOVO ','',' MJ04RYUY ','','','','','','',NULL,0,'VIVA 1A IPS SURA SAN JOSE',' CITOLOGIA ',1,'','0000-00-00 00:00:00','','2020-09-16 20:22:51','pc.png',NULL,NULL),(315,1003,'PC',' LENOVO ','',' MJ05FCSD ','','','','','','',NULL,0,'VIVA 1A IPS SURA SAN JOSE',' CONSULTORIO 104 ',1,'','0000-00-00 00:00:00','','2020-09-16 20:22:51','pc.png',NULL,NULL),(316,1003,'PC',' LENOVO ','',' MJ05FCS8 ','','','','','','',NULL,0,'VIVA 1A IPS SURA SAN JOSE',' CONSULTORIO 105 ',1,'','0000-00-00 00:00:00','','2020-09-16 20:22:51','pc.png',NULL,NULL),(317,1003,'PC',' LENOVO ','',' MJ05FCT4 ','','','','','','',NULL,0,'VIVA 1A IPS SURA SAN JOSE',' CONSULTORIO 106 ',1,'','0000-00-00 00:00:00','','2020-09-16 20:22:51','pc.png',NULL,NULL),(318,1003,'PC',' LENOVO ','',' MJ002T6L ','','','','','','',NULL,0,'VIVA 1A IPS SURA SAN JOSE',' CONSULTORIO 107 ',1,'','0000-00-00 00:00:00','','2020-09-16 20:22:51','pc.png',NULL,NULL),(319,1003,'PC',' LENOVO ','',' MJ04RYUF ','','','','','','',NULL,0,'VIVA 1A IPS SURA SAN JOSE',' consultorio 200 ',1,'','0000-00-00 00:00:00','','2020-09-16 20:22:51','pc.png',NULL,NULL),(320,1003,'PC',' LENOVO ','',' MJ04RYUH ','','','','','','',NULL,0,'VIVA 1A IPS SURA SAN JOSE',' consultorio 201 ',1,'','0000-00-00 00:00:00','','2020-09-16 20:22:51','pc.png',NULL,NULL),(321,1003,'PC',' LENOVO ','',' YL002MUB ','','','','','','',NULL,0,'VIVA 1A IPS SURA SAN JOSE',' consultorio 202 ',1,'','0000-00-00 00:00:00','','2020-09-16 20:22:51','pc.png',NULL,NULL),(322,1003,'PC',' LENOVO ','',' YL002N49 ','','','','','','',NULL,0,'VIVA 1A IPS SURA SAN JOSE',' consultorio 203 ',1,'','0000-00-00 00:00:00','','2020-09-16 20:22:51','pc.png',NULL,NULL),(323,1003,'PC',' LENOVO ','',' PC035CBF ','','','','','','',NULL,0,'VIVA 1A IPS SURA SAN JOSE',' consultorio 204 ',1,'','0000-00-00 00:00:00','','2020-09-16 20:22:51','pc.png',NULL,NULL),(324,1003,'PC',' LENOVO ','',' PC035CD0 ','','','','','','',NULL,0,'VIVA 1A IPS SURA SAN JOSE',' consultorio 205 ',1,'','0000-00-00 00:00:00','','2020-09-16 20:22:51','pc.png',NULL,NULL),(325,1003,'PC',' LENOVO ','',' MJ04RYU8 ','','','','','','',NULL,0,'VIVA 1A IPS SURA SAN JOSE',' consultorio 206 ',1,'','0000-00-00 00:00:00','','2020-09-16 20:22:51','pc.png',NULL,NULL),(326,1003,'PC',' LENOVO ','',' MJ04RYV4 ','','','','','','',NULL,0,'VIVA 1A IPS SURA SAN JOSE',' consultorio 207 ',1,'','0000-00-00 00:00:00','','2020-09-16 20:22:51','pc.png',NULL,NULL),(327,1003,'PC',' LENOVO ','',' MJ04RYU5 ','','','','','','',NULL,0,'VIVA 1A IPS SURA SAN JOSE',' consultorio 208 ',1,'','0000-00-00 00:00:00','','2020-09-16 20:22:51','pc.png',NULL,NULL),(328,1003,'PC',' LENOVO ','',' MX2292NW ','','','','','','',NULL,0,'VIVA 1A IPS SURA SAN JOSE',' consultorio 209 ',1,'','0000-00-00 00:00:00','','2020-09-16 20:22:51','pc.png',NULL,NULL),(329,1003,'PC',' LENOVO ','',' YL002MQ3 ','','','','','','',NULL,0,'VIVA 1A IPS SURA SAN JOSE',' consultorio 210 ',1,'','0000-00-00 00:00:00','','2020-09-16 20:22:51','pc.png',NULL,NULL),(330,1003,'PC',' LENOVO ','',' PCOUF1EW ','','','','','','',NULL,0,'VIVA 1A IPS SURA SAN JOSE',' consultorio 211 ',1,'','0000-00-00 00:00:00','','2020-09-16 20:22:51','pc.png',NULL,NULL),(331,1003,'PC',' LENOVO ','',' PCOUF3CW ','','','','','','',NULL,0,'VIVA 1A IPS SURA SAN JOSE',' consultorio 212 ',1,'','0000-00-00 00:00:00','','2020-09-16 20:22:51','pc.png',NULL,NULL),(332,1003,'PC',' LENOVO ','',' PCOUF3PB ','','','','','','',NULL,0,'VIVA 1A IPS SURA SAN JOSE',' consultorio 213 ',1,'','0000-00-00 00:00:00','','2020-09-16 20:22:51','pc.png',NULL,NULL),(333,1003,'PC',' LENOVO ','',' PCO38V6 ','','','','','','',NULL,0,'VIVA 1A IPS SURA SAN JOSE',' odontologia  1 ',1,'','0000-00-00 00:00:00','','2020-09-16 20:22:51','pc.png',NULL,NULL),(334,1003,'PC',' LENOVO ','',' PCO35CBH ','','','','','','',NULL,0,'VIVA 1A IPS SURA SAN JOSE',' odontologia  2 ',1,'','0000-00-00 00:00:00','','2020-09-16 20:22:51','pc.png',NULL,NULL),(335,1003,'PC',' LENOVO ','',' PCO338X1 ','','','','','','',NULL,0,'VIVA 1A IPS SURA SAN JOSE',' odontologia  3 ',1,'','0000-00-00 00:00:00','','2020-09-16 20:22:51','pc.png',NULL,NULL),(336,1003,'PC',' LENOVO ','',' MJ018Y6K ','','','','','','',NULL,0,'VIVA 1A IPS SURA SAN JOSE',' odontologia  4 ',1,'','0000-00-00 00:00:00','','2020-09-16 20:22:51','pc.png',NULL,NULL),(337,1003,'PC',' LENOVO ','',' MJ05FCTC ','','','','','','',NULL,0,'VIVA 1A IPS SURA SAN JOSE',' odontologia  5 ',1,'','0000-00-00 00:00:00','','2020-09-16 20:22:51','pc.png',NULL,NULL),(338,1003,'PC',' LENOVO ','',' MJ04RYU2 ','','','','','','',NULL,0,'VIVA 1A IPS SURA SAN JOSE',' odontologia  ',1,'','0000-00-00 00:00:00','','2020-09-16 20:22:51','pc.png',NULL,NULL),(339,1003,'PC',' LENOVO ','',' REGISTRADO SIN SERIAL ','','','','','','',NULL,0,'VIVA 1A IPS SURA SAN JOSE',' consultorio300 ',1,'','0000-00-00 00:00:00','','2020-09-16 20:22:51','pc.png',NULL,NULL),(340,1003,'PC',' LENOVO ','',' YL002MJ1 ','','','','','','',NULL,0,'VIVA 1A IPS SURA SAN JOSE',' consultorio301 ',1,'','0000-00-00 00:00:00','','2020-09-16 20:22:51','pc.png',NULL,NULL),(341,1003,'PC',' LENOVO ','',' REGISTRADO SIN SERIAL ','','','','','','',NULL,0,'VIVA 1A IPS SURA SAN JOSE',' consultorio302 ',1,'','0000-00-00 00:00:00','','2020-09-16 20:22:51','pc.png',NULL,NULL),(342,1003,'PC',' LENOVO ','',' YL002MU9 ','','','','','','',NULL,0,'VIVA 1A IPS SURA SAN JOSE',' consultorio303 ',1,'','0000-00-00 00:00:00','','2020-09-16 20:22:51','pc.png',NULL,NULL),(343,1003,'PC',' LENOVO ','',' YL002MHT ','','','','','','',NULL,0,'VIVA 1A IPS SURA SAN JOSE',' consultorio304 ',1,'','0000-00-00 00:00:00','','2020-09-16 20:22:51','pc.png',NULL,NULL),(344,1003,'PC',' LENOVO ','',' YL002MJ7 ','','','','','','',NULL,0,'VIVA 1A IPS SURA SAN JOSE',' consultorio305 ',1,'','0000-00-00 00:00:00','','2020-09-16 20:22:51','pc.png',NULL,NULL),(345,1003,'PC',' LENOVO ','',' YL002M7Q ','','','','','','',NULL,0,'VIVA 1A IPS SURA SAN JOSE',' consultorio306 ',1,'','0000-00-00 00:00:00','','2020-09-16 20:22:51','pc.png',NULL,NULL),(346,1003,'PC',' LENOVO ','',' REGISTRADO SIN SERIAL ','','','','','','',NULL,0,'VIVA 1A IPS SURA SAN JOSE',' consultorio307 ',1,'','0000-00-00 00:00:00','','2020-09-16 20:22:51','pc.png',NULL,NULL),(347,1003,'PC',' LENOVO ','',' MJ04RYUA ','','','','','','',NULL,0,'VIVA 1A IPS SURA SAN JOSE',' consultorio308 ',1,'','0000-00-00 00:00:00','','2020-09-16 20:22:51','pc.png',NULL,NULL),(348,1003,'PC',' LENOVO ','',' YL002MJB ','','','','','','',NULL,0,'VIVA 1A IPS SURA SAN JOSE',' consultorio309 ',1,'','0000-00-00 00:00:00','','2020-09-16 20:22:51','pc.png',NULL,NULL),(349,1003,'PC',' LENOVO ','',' REGISTRADO SIN SERIAL ','','','','','','',NULL,0,'VIVA 1A IPS SURA SAN JOSE',' consultorio310 ',1,'','0000-00-00 00:00:00','','2020-09-16 20:22:51','pc.png',NULL,NULL),(350,1003,'PC',' LENOVO ','',' REGISTRADO SIN SERIAL ','','','','','','',NULL,0,'VIVA 1A IPS SURA SAN JOSE',' consultorio311 ',1,'','0000-00-00 00:00:00','','2020-09-16 20:22:51','pc.png',NULL,NULL),(351,1003,'PC',' LENOVO ','',' REGISTRADO SIN SERIAL ','','','','','','',NULL,0,'VIVA 1A IPS SURA SAN JOSE',' consultorio312 ',1,'','0000-00-00 00:00:00','','2020-09-16 20:22:51','pc.png',NULL,NULL),(352,1003,'PC',' LENOVO ','',' REGISTRADO SIN SERIAL ','','','','','','',NULL,0,'VIVA 1A IPS SURA SAN JOSE',' consultorio313 ',1,'','0000-00-00 00:00:00','','2020-09-16 20:22:51','pc.png',NULL,NULL),(353,1003,'PC',' LENOVO ','',' REGISTRADO SIN SERIAL ','','','','','','',NULL,0,'VIVA 1A IPS SURA SAN JOSE',' consultorio314 ',1,'','0000-00-00 00:00:00','','2020-09-16 20:22:51','pc.png',NULL,NULL),(354,1003,'PC',' LENOVO ','',' REGISTRADO SIN SERIAL ','','','','','','',NULL,0,'VIVA 1A IPS SURA SAN JOSE',' consultorio315 ',1,'','0000-00-00 00:00:00','','2020-09-16 20:22:51','pc.png',NULL,NULL),(355,1003,'PC',' LENOVO ','',' YL002N4C ','','','','','','',NULL,0,'VIVA 1A IPS SURA SAN JOSE',' consultorio316 ',1,'','0000-00-00 00:00:00','','2020-09-16 20:22:51','pc.png',NULL,NULL),(356,1003,'PC',' LENOVO ','',' REGISTRADO SIN SERIAL ','','','','','','',NULL,0,'VIVA 1A IPS SURA SAN JOSE',' consultorio317 ',1,'','0000-00-00 00:00:00','','2020-09-16 20:22:51','pc.png',NULL,NULL),(357,1003,'PC',' LENOVO ','',' MJ04RYUG ','','','','','','',NULL,0,'VIVA 1A IPS SURA SAN JOSE',' auditorio ',1,'','0000-00-00 00:00:00','','2020-09-16 20:22:51','pc.png',NULL,NULL),(358,1003,'PC',' LENOVO ','',' MJ04RYUL ','','','','','','',NULL,0,'VIVA 1A IPS SURA SAN JOSE',' oficina administrativa ',1,'','0000-00-00 00:00:00','','2020-09-16 20:22:51','pc.png',NULL,NULL),(359,1003,'PC',' LENOVO ','',' REGISTRADO SIN SERIAL ','','','','','','',NULL,0,'VIVA 1A IPS SURA SAN JOSE',' oficina direccion medica ',1,'','0000-00-00 00:00:00','','2020-09-16 20:22:51','pc.png',NULL,NULL),(360,1003,'PC',' LENOVO ','',' MJO4RYUG ','','','','','','',NULL,0,'VIVA 1A IPS SURA SAN JOSE',' modulo 18 ',1,'','0000-00-00 00:00:00','','2020-09-16 20:22:51','pc.png',NULL,NULL),(361,1003,'PC',' LENOVO ','',' PCOUF3PF ','','','','','','',NULL,0,'VIVA 1A IPS SURA SAN JOSE',' modulo 17 ',1,'','0000-00-00 00:00:00','','2020-09-16 20:22:51','pc.png',NULL,NULL),(362,1003,'PC',' LENOVO ','',' YL002N4M ','','','','','','',NULL,0,'VIVA 1A IPS SURA SAN JOSE',' modulo 16 ',1,'','0000-00-00 00:00:00','','2020-09-16 20:22:51','pc.png',NULL,NULL);
/*!40000 ALTER TABLE `table_machines` ENABLE KEYS */;
UNLOCK TABLES;

--
-- Table structure for table `table_user_tec`
--

DROP TABLE IF EXISTS `table_user_tec`;
/*!40101 SET @saved_cs_client     = @@character_set_client */;
/*!40101 SET character_set_client = utf8 */;
CREATE TABLE `table_user_tec` (
  `id_tec` int(4) NOT NULL AUTO_INCREMENT,
  `nickname_tec` varchar(20) NOT NULL,
  `name_tec` varchar(256) NOT NULL,
  `last_name_tec` varchar(256) NOT NULL,
  `campus_tec` varchar(256) NOT NULL,
  `position_job` varchar(256) NOT NULL,
  `email_tec` varchar(256) NOT NULL,
  `password_tec` varchar(256) NOT NULL,
  `status` tinyint(1) NOT NULL DEFAULT 0,
  `time_login` datetime NOT NULL,
  `time_logout` datetime NOT NULL,
  PRIMARY KEY (`id_tec`)
) ENGINE=InnoDB AUTO_INCREMENT=4 DEFAULT CHARSET=utf8mb4;
/*!40101 SET character_set_client = @saved_cs_client */;

--
-- Dumping data for table `table_user_tec`
--

LOCK TABLES `table_user_tec` WRITE;
/*!40000 ALTER TABLE `table_user_tec` DISABLE KEYS */;
INSERT INTO `table_user_tec` VALUES (1,'jortega','Jefferson Javier','Ortega Pacheco','VIVA 1A IPS MACARENA','Support IT','jortega@viva1a.com.co','.jortega',0,'2020-09-17 11:11:06','2020-09-17 11:41:07'),(2,'jmendoza','Jose','Mendoza','VIVA 1A CASA MATRIZ','Support IT','jmendoza@viva1a.com.co','.jmendoza',0,'0000-00-00 00:00:00','0000-00-00 00:00:00'),(3,'fviloria','Francisco','Viloria','VIVA 1A IPS CALLE 30','Support IT','fviloria@viva1a.com.co','.fviloria',0,'2020-09-11 16:40:19','2020-09-11 17:10:44');
/*!40000 ALTER TABLE `table_user_tec` ENABLE KEYS */;
UNLOCK TABLES;
/*!40103 SET TIME_ZONE=@OLD_TIME_ZONE */;

/*!40101 SET SQL_MODE=@OLD_SQL_MODE */;
/*!40014 SET FOREIGN_KEY_CHECKS=@OLD_FOREIGN_KEY_CHECKS */;
/*!40014 SET UNIQUE_CHECKS=@OLD_UNIQUE_CHECKS */;
/*!40101 SET CHARACTER_SET_CLIENT=@OLD_CHARACTER_SET_CLIENT */;
/*!40101 SET CHARACTER_SET_RESULTS=@OLD_CHARACTER_SET_RESULTS */;
/*!40101 SET COLLATION_CONNECTION=@OLD_COLLATION_CONNECTION */;
/*!40111 SET SQL_NOTES=@OLD_SQL_NOTES */;

-- Dump completed on 2020-09-17 12:00:01
